{
  "near bank": [
    9.7096968,
    76.6768536
  ],
  "gav": [
    26.2285133,
    76.6097961
  ]
}